year,component,recall_count
1966,ELECTRICAL SYSTEM,2
1966,"FUEL SYSTEM, GASOLINE",3
1966,LATCHES/LOCKS/LINKAGES,1
1966,POWER TRAIN,4
1966,SEAT BELTS,2
1966,SEATS,1
1966,"SERVICE BRAKES, AIR",1
1966,"SERVICE BRAKES, HYDRAULIC",15
1966,STEERING,12
1966,STRUCTURE,3
1966,SUSPENSION,1
1966,TIRES,1
1966,TRAILER HITCHES,1
1966,VEHICLE SPEED CONTROL,6
1966,WHEELS,5
1967,ELECTRICAL SYSTEM,7
1967,ENGINE AND ENGINE COOLING,3
1967,EQUIPMENT,2
1967,EXTERIOR LIGHTING,2
1967,"FUEL SYSTEM, GASOLINE",2
1967,LATCHES/LOCKS/LINKAGES,2
1967,PARKING BRAKE,3
1967,POWER TRAIN,9
1967,SEAT BELTS,2
1967,"SERVICE BRAKES, AIR",1
1967,"SERVICE BRAKES, HYDRAULIC",38
1967,STEERING,40
1967,STRUCTURE,2
1967,SUSPENSION,8
1967,TIRES,1
1967,TRAILER HITCHES,2
1967,VEHICLE SPEED CONTROL,8
1967,VISIBILITY,2
1967,WHEELS,9
1968,ELECTRICAL SYSTEM,1
1968,ENGINE AND ENGINE COOLING,1
1968,EQUIPMENT,1
1968,EXTERIOR LIGHTING,8
1968,"FUEL SYSTEM, GASOLINE",5
1968,LATCHES/LOCKS/LINKAGES,2
1968,PARKING BRAKE,1
1968,POWER TRAIN,6
1968,SEAT BELTS,3
1968,SEATS,2
1968,"SERVICE BRAKES, AIR",8
1968,"SERVICE BRAKES, HYDRAULIC",29
1968,STEERING,33
1968,STRUCTURE,3
1968,SUSPENSION,6
1968,TIRES,4
1968,TRAILER HITCHES,5
1968,UNKNOWN OR OTHER,1
1968,VEHICLE SPEED CONTROL,10
1968,VISIBILITY,3
1968,WHEELS,5
1969,ELECTRICAL SYSTEM,4
1969,ENGINE AND ENGINE COOLING,3
1969,EQUIPMENT,5
1969,EXTERIOR LIGHTING,4
1969,"FUEL SYSTEM, GASOLINE",11
1969,LATCHES/LOCKS/LINKAGES,5
1969,PARKING BRAKE,4
1969,POWER TRAIN,8
1969,SEAT BELTS,11
1969,SEATS,5
1969,"SERVICE BRAKES, AIR",14
1969,"SERVICE BRAKES, HYDRAULIC",34
1969,STEERING,20
1969,STRUCTURE,4
1969,SUSPENSION,11
1969,TIRES,10
1969,TRAILER HITCHES,5
1969,VEHICLE SPEED CONTROL,12
1969,VISIBILITY,4
1969,WHEELS,13
1970,ELECTRICAL SYSTEM,4
1970,ENGINE AND ENGINE COOLING,3
1970,EQUIPMENT,7
1970,EXTERIOR LIGHTING,4
1970,"FUEL SYSTEM, GASOLINE",10
1970,PARKING BRAKE,1
1970,POWER TRAIN,2
1970,SEAT BELTS,7
1970,SEATS,3
1970,"SERVICE BRAKES, AIR",8
1970,"SERVICE BRAKES, HYDRAULIC",34
1970,STEERING,22
1970,STRUCTURE,5
1970,SUSPENSION,14
1970,TIRES,14
1970,TRAILER HITCHES,1
1970,VEHICLE SPEED CONTROL,10
1970,WHEELS,13
1971,ELECTRICAL SYSTEM,5
1971,ENGINE AND ENGINE COOLING,5
1971,EQUIPMENT,6
1971,EXTERIOR LIGHTING,11
1971,"FUEL SYSTEM, GASOLINE",11
1971,LATCHES/LOCKS/LINKAGES,20
1971,PARKING BRAKE,4
1971,POWER TRAIN,8
1971,SEAT BELTS,10
1971,SEATS,4
1971,"SERVICE BRAKES, AIR",6
1971,"SERVICE BRAKES, HYDRAULIC",44
1971,STEERING,23
1971,STRUCTURE,11
1971,SUSPENSION,28
1971,TIRES,23
1971,TRAILER HITCHES,2
1971,UNKNOWN OR OTHER,1
1971,VEHICLE SPEED CONTROL,7
1971,VISIBILITY,8
1971,WHEELS,16
1972,CHILD SEAT,5
1972,ELECTRICAL SYSTEM,8
1972,ENGINE AND ENGINE COOLING,4
1972,EQUIPMENT,10
1972,EXTERIOR LIGHTING,7
1972,"FUEL SYSTEM, GASOLINE",8
1972,"FUEL SYSTEM, OTHER",1
1972,LATCHES/LOCKS/LINKAGES,6
1972,PARKING BRAKE,3
1972,POWER TRAIN,19
1972,SEAT BELTS,14
1972,SEATS,6
1972,"SERVICE BRAKES, AIR",7
1972,"SERVICE BRAKES, ELECTRIC",16
1972,"SERVICE BRAKES, HYDRAULIC",26
1972,STEERING,35
1972,STRUCTURE,16
1972,SUSPENSION,81
1972,TIRES,8
1972,TRAILER HITCHES,2
1972,VEHICLE SPEED CONTROL,9
1972,VISIBILITY,7
1972,WHEELS,34
1973,CHILD SEAT,2
1973,ELECTRICAL SYSTEM,15
1973,ENGINE AND ENGINE COOLING,7
1973,EQUIPMENT,11
1973,EXTERIOR LIGHTING,11
1973,"FUEL SYSTEM, GASOLINE",18
1973,LATCHES/LOCKS/LINKAGES,6
1973,POWER TRAIN,18
1973,SEAT BELTS,7
1973,SEATS,3
1973,"SERVICE BRAKES, AIR",9
1973,"SERVICE BRAKES, HYDRAULIC",32
1973,STEERING,37
1973,STRUCTURE,13
1973,SUSPENSION,24
1973,TIRES,22
1973,TRAILER HITCHES,3
1973,UNKNOWN OR OTHER,2
1973,VEHICLE SPEED CONTROL,9
1973,VISIBILITY,11
1973,WHEELS,17
1974,CHILD SEAT,1
1974,ELECTRICAL SYSTEM,4
1974,ENGINE AND ENGINE COOLING,7
1974,EQUIPMENT,13
1974,EXTERIOR LIGHTING,12
1974,"FUEL SYSTEM, GASOLINE",16
1974,LATCHES/LOCKS/LINKAGES,6
1974,PARKING BRAKE,1
1974,POWER TRAIN,9
1974,SEAT BELTS,8
1974,SEATS,5
1974,"SERVICE BRAKES, AIR",10
1974,"SERVICE BRAKES, ELECTRIC",3
1974,"SERVICE BRAKES, HYDRAULIC",35
1974,STEERING,33
1974,STRUCTURE,17
1974,SUSPENSION,20
1974,TIRES,32
1974,TRAILER HITCHES,2
1974,UNKNOWN OR OTHER,4
1974,VEHICLE SPEED CONTROL,20
1974,VISIBILITY,7
1974,WHEELS,27
1975,ELECTRICAL SYSTEM,9
1975,ENGINE AND ENGINE COOLING,9
1975,EQUIPMENT,22
1975,EXTERIOR LIGHTING,9
1975,"FUEL SYSTEM, GASOLINE",15
1975,LATCHES/LOCKS/LINKAGES,7
1975,PARKING BRAKE,1
1975,POWER TRAIN,12
1975,SEAT BELTS,3
1975,SEATS,1
1975,"SERVICE BRAKES, AIR",30
1975,"SERVICE BRAKES, HYDRAULIC",25
1975,STEERING,20
1975,STRUCTURE,16
1975,SUSPENSION,17
1975,TIRES,26
1975,TRAILER HITCHES,3
1975,UNKNOWN OR OTHER,7
1975,VEHICLE SPEED CONTROL,7
1975,VISIBILITY,11
1975,WHEELS,13
1976,ELECTRICAL SYSTEM,6
1976,ENGINE AND ENGINE COOLING,4
1976,EQUIPMENT,31
1976,EXTERIOR LIGHTING,10
1976,"FUEL SYSTEM, GASOLINE",17
1976,LATCHES/LOCKS/LINKAGES,2
1976,PARKING BRAKE,2
1976,POWER TRAIN,10
1976,SEAT BELTS,5
1976,SEATS,4
1976,"SERVICE BRAKES, AIR",12
1976,"SERVICE BRAKES, HYDRAULIC",32
1976,STEERING,36
1976,STRUCTURE,10
1976,SUSPENSION,15
1976,TIRES,29
1976,TRAILER HITCHES,3
1976,UNKNOWN OR OTHER,7
1976,VEHICLE SPEED CONTROL,9
1976,VISIBILITY,6
1976,WHEELS,12
1977,ELECTRICAL SYSTEM,8
1977,ENGINE AND ENGINE COOLING,7
1977,EQUIPMENT,36
1977,EXTERIOR LIGHTING,11
1977,"FUEL SYSTEM, GASOLINE",24
1977,LATCHES/LOCKS/LINKAGES,5
1977,PARKING BRAKE,1
1977,POWER TRAIN,7
1977,SEAT BELTS,4
1977,SEATS,7
1977,"SERVICE BRAKES, AIR",21
1977,"SERVICE BRAKES, HYDRAULIC",28
1977,STEERING,31
1977,STRUCTURE,6
1977,SUSPENSION,18
1977,TIRES,38
1977,TRAILER HITCHES,4
1977,UNKNOWN OR OTHER,8
1977,VEHICLE SPEED CONTROL,13
1977,VISIBILITY,14
1977,WHEELS,18
1978,ELECTRICAL SYSTEM,15
1978,ENGINE AND ENGINE COOLING,18
1978,EQUIPMENT,32
1978,EXTERIOR LIGHTING,6
1978,"FUEL SYSTEM, GASOLINE",39
1978,LATCHES/LOCKS/LINKAGES,2
1978,PARKING BRAKE,6
1978,POWER TRAIN,15
1978,SEAT BELTS,13
1978,SEATS,5
1978,"SERVICE BRAKES, AIR",36
1978,"SERVICE BRAKES, ELECTRIC",2
1978,"SERVICE BRAKES, HYDRAULIC",15
1978,STEERING,27
1978,STRUCTURE,6
1978,SUSPENSION,18
1978,TIRES,36
1978,TRAILER HITCHES,2
1978,UNKNOWN OR OTHER,5
1978,VEHICLE SPEED CONTROL,16
1978,VISIBILITY,12
1978,WHEELS,7
1979,ELECTRICAL SYSTEM,12
1979,ENGINE AND ENGINE COOLING,12
1979,EQUIPMENT,30
1979,EXTERIOR LIGHTING,13
1979,"FUEL SYSTEM, GASOLINE",24
1979,INTERIOR LIGHTING,1
1979,LATCHES/LOCKS/LINKAGES,5
1979,PARKING BRAKE,4
1979,POWER TRAIN,15
1979,SEAT BELTS,12
1979,SEATS,9
1979,"SERVICE BRAKES, AIR",20
1979,"SERVICE BRAKES, HYDRAULIC",34
1979,STEERING,30
1979,STRUCTURE,13
1979,SUSPENSION,26
1979,TIRES,43
1979,TRAILER HITCHES,2
1979,UNKNOWN OR OTHER,4
1979,VEHICLE SPEED CONTROL,7
1979,VISIBILITY,15
1979,WHEELS,8
1980,CHILD SEAT,1
1980,ELECTRICAL SYSTEM,12
1980,ENGINE AND ENGINE COOLING,8
1980,EQUIPMENT,17
1980,EXTERIOR LIGHTING,9
1980,"FUEL SYSTEM, GASOLINE",16
1980,INTERIOR LIGHTING,1
1980,LATCHES/LOCKS/LINKAGES,3
1980,PARKING BRAKE,5
1980,POWER TRAIN,10
1980,SEAT BELTS,5
1980,SEATS,5
1980,"SERVICE BRAKES, AIR",5
1980,"SERVICE BRAKES, ELECTRIC",1
1980,"SERVICE BRAKES, HYDRAULIC",25
1980,STEERING,18
1980,STRUCTURE,14
1980,SUSPENSION,6
1980,TIRES,24
1980,TRAILER HITCHES,5
1980,UNKNOWN OR OTHER,3
1980,VEHICLE SPEED CONTROL,6
1980,VISIBILITY,13
1980,WHEELS,8
1981,CHILD SEAT,1
1981,ELECTRICAL SYSTEM,5
1981,ENGINE AND ENGINE COOLING,5
1981,EQUIPMENT,12
1981,EXTERIOR LIGHTING,7
1981,"FUEL SYSTEM, GASOLINE",15
1981,LATCHES/LOCKS/LINKAGES,3
1981,PARKING BRAKE,1
1981,POWER TRAIN,8
1981,SEAT BELTS,8
1981,SEATS,5
1981,"SERVICE BRAKES, AIR",5
1981,"SERVICE BRAKES, HYDRAULIC",15
1981,STEERING,20
1981,STRUCTURE,12
1981,SUSPENSION,17
1981,TIRES,26
1981,TRAILER HITCHES,3
1981,UNKNOWN OR OTHER,4
1981,VEHICLE SPEED CONTROL,11
1981,VISIBILITY,5
1981,WHEELS,9
1982,CHILD SEAT,2
1982,ELECTRICAL SYSTEM,10
1982,ENGINE AND ENGINE COOLING,6
1982,EQUIPMENT,14
1982,EXTERIOR LIGHTING,7
1982,"FUEL SYSTEM, GASOLINE",17
1982,"FUEL SYSTEM, OTHER",3
1982,PARKING BRAKE,2
1982,POWER TRAIN,13
1982,SEAT BELTS,4
1982,SEATS,2
1982,"SERVICE BRAKES, AIR",7
1982,"SERVICE BRAKES, ELECTRIC",1
1982,"SERVICE BRAKES, HYDRAULIC",10
1982,STEERING,20
1982,STRUCTURE,8
1982,SUSPENSION,10
1982,TIRES,16
1982,TRAILER HITCHES,3
1982,UNKNOWN OR OTHER,1
1982,VEHICLE SPEED CONTROL,8
1982,VISIBILITY,6
1982,WHEELS,4
1983,CHILD SEAT,1
1983,ELECTRICAL SYSTEM,9
1983,ENGINE AND ENGINE COOLING,9
1983,EQUIPMENT,10
1983,EXTERIOR LIGHTING,2
1983,"FUEL SYSTEM, GASOLINE",17
1983,"FUEL SYSTEM, OTHER",1
1983,INTERIOR LIGHTING,1
1983,LATCHES/LOCKS/LINKAGES,4
1983,PARKING BRAKE,2
1983,POWER TRAIN,6
1983,SEAT BELTS,8
1983,SEATS,5
1983,"SERVICE BRAKES, AIR",6
1983,"SERVICE BRAKES, ELECTRIC",1
1983,"SERVICE BRAKES, HYDRAULIC",17
1983,STEERING,21
1983,STRUCTURE,7
1983,SUSPENSION,10
1983,TIRES,21
1983,TRAILER HITCHES,2
1983,UNKNOWN OR OTHER,1
1983,VEHICLE SPEED CONTROL,6
1983,VISIBILITY,5
1983,WHEELS,10
1984,BACK OVER PREVENTION,1
1984,CHILD SEAT,2
1984,ELECTRICAL SYSTEM,9
1984,ENGINE AND ENGINE COOLING,11
1984,EQUIPMENT,11
1984,EXTERIOR LIGHTING,8
1984,"FUEL SYSTEM, DIESEL",1
1984,"FUEL SYSTEM, GASOLINE",20
1984,LATCHES/LOCKS/LINKAGES,10
1984,POWER TRAIN,8
1984,SEAT BELTS,5
1984,SEATS,4
1984,"SERVICE BRAKES, AIR",11
1984,"SERVICE BRAKES, ELECTRIC",1
1984,"SERVICE BRAKES, HYDRAULIC",21
1984,STEERING,22
1984,STRUCTURE,7
1984,SUSPENSION,15
1984,TIRES,17
1984,TRAILER HITCHES,2
1984,UNKNOWN OR OTHER,3
1984,VEHICLE SPEED CONTROL,6
1984,VISIBILITY,3
1984,WHEELS,11
1985,CHILD SEAT,2
1985,ELECTRICAL SYSTEM,11
1985,ENGINE AND ENGINE COOLING,10
1985,EQUIPMENT,14
1985,EXTERIOR LIGHTING,18
1985,"FUEL SYSTEM, DIESEL",1
1985,"FUEL SYSTEM, GASOLINE",20
1985,"FUEL SYSTEM, OTHER",1
1985,LATCHES/LOCKS/LINKAGES,2
1985,PARKING BRAKE,8
1985,POWER TRAIN,3
1985,SEAT BELTS,7
1985,SEATS,2
1985,"SERVICE BRAKES, AIR",11
1985,"SERVICE BRAKES, HYDRAULIC",14
1985,STEERING,19
1985,STRUCTURE,13
1985,SUSPENSION,12
1985,TIRES,20
1985,TRAILER HITCHES,7
1985,UNKNOWN OR OTHER,1
1985,VEHICLE SPEED CONTROL,9
1985,VISIBILITY,2
1985,WHEELS,20
1986,CHILD SEAT,4
1986,ELECTRICAL SYSTEM,14
1986,ENGINE AND ENGINE COOLING,4
1986,EQUIPMENT,12
1986,EXTERIOR LIGHTING,14
1986,"FUEL SYSTEM, GASOLINE",16
1986,"FUEL SYSTEM, OTHER",5
1986,LATCHES/LOCKS/LINKAGES,4
1986,PARKING BRAKE,5
1986,POWER TRAIN,6
1986,SEAT BELTS,8
1986,SEATS,6
1986,"SERVICE BRAKES, AIR",6
1986,"SERVICE BRAKES, HYDRAULIC",18
1986,STEERING,25
1986,STRUCTURE,7
1986,SUSPENSION,16
1986,TIRES,13
1986,TRAILER HITCHES,5
1986,UNKNOWN OR OTHER,1
1986,VEHICLE SPEED CONTROL,13
1986,VISIBILITY,6
1986,WHEELS,11
1987,CHILD SEAT,3
1987,ELECTRICAL SYSTEM,14
1987,ENGINE AND ENGINE COOLING,7
1987,EQUIPMENT,14
1987,EXTERIOR LIGHTING,16
1987,"FUEL SYSTEM, GASOLINE",30
1987,LATCHES/LOCKS/LINKAGES,2
1987,POWER TRAIN,9
1987,SEAT BELTS,9
1987,SEATS,2
1987,"SERVICE BRAKES, AIR",13
1987,"SERVICE BRAKES, HYDRAULIC",22
1987,STEERING,18
1987,STRUCTURE,10
1987,SUSPENSION,27
1987,TIRES,16
1987,TRAILER HITCHES,2
1987,VEHICLE SPEED CONTROL,19
1987,VISIBILITY,5
1987,WHEELS,14
1988,CHILD SEAT,3
1988,ELECTRICAL SYSTEM,14
1988,ENGINE AND ENGINE COOLING,11
1988,EQUIPMENT,14
1988,EXTERIOR LIGHTING,12
1988,"FUEL SYSTEM, GASOLINE",31
1988,"FUEL SYSTEM, OTHER",1
1988,LATCHES/LOCKS/LINKAGES,3
1988,PARKING BRAKE,2
1988,POWER TRAIN,12
1988,SEAT BELTS,25
1988,SEATS,5
1988,"SERVICE BRAKES, AIR",10
1988,"SERVICE BRAKES, HYDRAULIC",9
1988,STEERING,20
1988,STRUCTURE,7
1988,SUSPENSION,14
1988,TIRES,13
1988,TRAILER HITCHES,6
1988,UNKNOWN OR OTHER,2
1988,VEHICLE SPEED CONTROL,12
1988,VISIBILITY,7
1988,WHEELS,8
1989,CHILD SEAT,7
1989,ELECTRICAL SYSTEM,14
1989,ENGINE AND ENGINE COOLING,9
1989,EQUIPMENT,27
1989,EXTERIOR LIGHTING,12
1989,"FUEL SYSTEM, GASOLINE",15
1989,INTERIOR LIGHTING,1
1989,LATCHES/LOCKS/LINKAGES,1
1989,PARKING BRAKE,2
1989,POWER TRAIN,7
1989,SEAT BELTS,21
1989,SEATS,10
1989,"SERVICE BRAKES, AIR",13
1989,"SERVICE BRAKES, HYDRAULIC",25
1989,STEERING,23
1989,STRUCTURE,10
1989,SUSPENSION,23
1989,TIRES,12
1989,TRAILER HITCHES,5
1989,UNKNOWN OR OTHER,5
1989,VEHICLE SPEED CONTROL,21
1989,VISIBILITY,15
1989,WHEELS,3
1990,AIR BAGS,8
1990,CHILD SEAT,14
1990,ELECTRICAL SYSTEM,10
1990,ENGINE AND ENGINE COOLING,6
1990,EQUIPMENT,32
1990,EXTERIOR LIGHTING,10
1990,"FUEL SYSTEM, DIESEL",1
1990,"FUEL SYSTEM, GASOLINE",26
1990,"FUEL SYSTEM, OTHER",1
1990,LATCHES/LOCKS/LINKAGES,2
1990,PARKING BRAKE,2
1990,POWER TRAIN,6
1990,SEAT BELTS,25
1990,SEATS,5
1990,"SERVICE BRAKES, AIR",10
1990,"SERVICE BRAKES, HYDRAULIC",19
1990,STEERING,23
1990,STRUCTURE,3
1990,SUSPENSION,10
1990,TIRES,14
1990,TRAILER HITCHES,5
1990,UNKNOWN OR OTHER,4
1990,VEHICLE SPEED CONTROL,11
1990,VISIBILITY,18
1990,WHEELS,5
1991,AIR BAGS,3
1991,CHILD SEAT,14
1991,ELECTRICAL SYSTEM,12
1991,ENGINE AND ENGINE COOLING,4
1991,EQUIPMENT,19
1991,EXTERIOR LIGHTING,10
1991,"FUEL SYSTEM, GASOLINE",18
1991,"FUEL SYSTEM, OTHER",1
1991,INTERIOR LIGHTING,1
1991,LATCHES/LOCKS/LINKAGES,5
1991,PARKING BRAKE,8
1991,POWER TRAIN,26
1991,SEAT BELTS,21
1991,SEATS,10
1991,"SERVICE BRAKES, AIR",11
1991,"SERVICE BRAKES, HYDRAULIC",33
1991,STEERING,23
1991,STRUCTURE,9
1991,SUSPENSION,10
1991,TIRES,12
1991,TRAILER HITCHES,4
1991,UNKNOWN OR OTHER,4
1991,VEHICLE SPEED CONTROL,7
1991,VISIBILITY,12
1991,WHEELS,4
1992,AIR BAGS,4
1992,CHILD SEAT,8
1992,ELECTRICAL SYSTEM,15
1992,ENGINE AND ENGINE COOLING,4
1992,EQUIPMENT,9
1992,EXTERIOR LIGHTING,8
1992,"FUEL SYSTEM, GASOLINE",19
1992,"FUEL SYSTEM, OTHER",1
1992,INTERIOR LIGHTING,2
1992,LATCHES/LOCKS/LINKAGES,3
1992,PARKING BRAKE,1
1992,POWER TRAIN,7
1992,SEAT BELTS,15
1992,SEATS,6
1992,"SERVICE BRAKES, AIR",8
1992,"SERVICE BRAKES, HYDRAULIC",22
1992,STEERING,19
1992,STRUCTURE,11
1992,SUSPENSION,10
1992,TIRES,7
1992,TRAILER HITCHES,2
1992,UNKNOWN OR OTHER,6
1992,VEHICLE SPEED CONTROL,10
1992,VISIBILITY,9
1992,WHEELS,11
1993,AIR BAGS,6
1993,CHILD SEAT,4
1993,ELECTRICAL SYSTEM,14
1993,ENGINE AND ENGINE COOLING,7
1993,EQUIPMENT,19
1993,"FUEL SYSTEM, GASOLINE",18
1993,"FUEL SYSTEM, OTHER",1
1993,LATCHES/LOCKS/LINKAGES,5
1993,PARKING BRAKE,4
1993,POWER TRAIN,14
1993,SEAT BELTS,15
1993,SEATS,9
1993,"SERVICE BRAKES, AIR",7
1993,"SERVICE BRAKES, HYDRAULIC",29
1993,STEERING,14
1993,STRUCTURE,26
1993,SUSPENSION,16
1993,TIRES,6
1993,TRAILER HITCHES,10
1993,UNKNOWN OR OTHER,8
1993,VEHICLE SPEED CONTROL,12
1993,VISIBILITY,14
1993,WHEELS,6
1994,AIR BAGS,5
1994,CHILD SEAT,7
1994,ELECTRICAL SYSTEM,18
1994,ENGINE AND ENGINE COOLING,12
1994,EQUIPMENT,23
1994,EXTERIOR LIGHTING,9
1994,"FUEL SYSTEM, GASOLINE",31
1994,"FUEL SYSTEM, OTHER",3
1994,INTERIOR LIGHTING,1
1994,LATCHES/LOCKS/LINKAGES,5
1994,PARKING BRAKE,6
1994,POWER TRAIN,10
1994,SEAT BELTS,11
1994,SEATS,7
1994,"SERVICE BRAKES, AIR",10
1994,"SERVICE BRAKES, HYDRAULIC",23
1994,STEERING,24
1994,STRUCTURE,11
1994,SUSPENSION,22
1994,TIRES,7
1994,TRAILER HITCHES,7
1994,UNKNOWN OR OTHER,5
1994,VEHICLE SPEED CONTROL,15
1994,VISIBILITY,11
1994,WHEELS,5
1995,AIR BAGS,10
1995,CHILD SEAT,6
1995,ELECTRICAL SYSTEM,27
1995,ENGINE AND ENGINE COOLING,11
1995,EQUIPMENT,22
1995,EXTERIOR LIGHTING,7
1995,"FUEL SYSTEM, GASOLINE",17
1995,"FUEL SYSTEM, OTHER",16
1995,LATCHES/LOCKS/LINKAGES,12
1995,PARKING BRAKE,5
1995,POWER TRAIN,10
1995,SEAT BELTS,30
1995,SEATS,12
1995,"SERVICE BRAKES, AIR",32
1995,"SERVICE BRAKES, HYDRAULIC",22
1995,STEERING,22
1995,STRUCTURE,17
1995,SUSPENSION,15
1995,TIRES,4
1995,TRAILER HITCHES,4
1995,UNKNOWN OR OTHER,9
1995,VEHICLE SPEED CONTROL,16
1995,VISIBILITY,18
1995,WHEELS,13
1996,AIR BAGS,8
1996,CHILD SEAT,5
1996,ELECTRICAL SYSTEM,21
1996,ENGINE AND ENGINE COOLING,9
1996,EQUIPMENT,16
1996,EXTERIOR LIGHTING,12
1996,"FUEL SYSTEM, GASOLINE",21
1996,"FUEL SYSTEM, OTHER",6
1996,LATCHES/LOCKS/LINKAGES,3
1996,PARKING BRAKE,6
1996,POWER TRAIN,11
1996,SEAT BELTS,24
1996,SEATS,27
1996,"SERVICE BRAKES, AIR",8
1996,"SERVICE BRAKES, ELECTRIC",1
1996,"SERVICE BRAKES, HYDRAULIC",30
1996,STEERING,28
1996,STRUCTURE,28
1996,SUSPENSION,31
1996,TIRES,3
1996,TRAILER HITCHES,3
1996,UNKNOWN OR OTHER,12
1996,VEHICLE SPEED CONTROL,16
1996,VISIBILITY,9
1996,WHEELS,3
1997,AIR BAGS,8
1997,CHILD SEAT,10
1997,ELECTRICAL SYSTEM,24
1997,ENGINE AND ENGINE COOLING,5
1997,EQUIPMENT,14
1997,EXTERIOR LIGHTING,11
1997,"FUEL SYSTEM, GASOLINE",21
1997,"FUEL SYSTEM, OTHER",4
1997,LATCHES/LOCKS/LINKAGES,5
1997,PARKING BRAKE,1
1997,POWER TRAIN,14
1997,SEAT BELTS,24
1997,SEATS,15
1997,"SERVICE BRAKES, AIR",7
1997,"SERVICE BRAKES, HYDRAULIC",31
1997,STEERING,15
1997,STRUCTURE,21
1997,SUSPENSION,39
1997,TIRES,7
1997,TRAILER HITCHES,2
1997,UNKNOWN OR OTHER,6
1997,VEHICLE SPEED CONTROL,15
1997,VISIBILITY,10
1997,WHEELS,9
1998,AIR BAGS,13
1998,CHILD SEAT,5
1998,ELECTRICAL SYSTEM,36
1998,ELECTRONIC STABILITY CONTROL,1
1998,ENGINE AND ENGINE COOLING,19
1998,EQUIPMENT,31
1998,EXTERIOR LIGHTING,18
1998,"FUEL SYSTEM, GASOLINE",40
1998,"FUEL SYSTEM, OTHER",10
1998,INTERIOR LIGHTING,4
1998,LATCHES/LOCKS/LINKAGES,4
1998,PARKING BRAKE,4
1998,POWER TRAIN,27
1998,SEAT BELTS,13
1998,SEATS,11
1998,"SERVICE BRAKES, AIR",16
1998,"SERVICE BRAKES, HYDRAULIC",28
1998,STEERING,21
1998,STRUCTURE,18
1998,SUSPENSION,23
1998,TIRES,5
1998,TRAILER HITCHES,5
1998,UNKNOWN OR OTHER,7
1998,VEHICLE SPEED CONTROL,12
1998,VISIBILITY,18
1998,WHEELS,24
1999,AIR BAGS,15
1999,CHILD SEAT,6
1999,ELECTRICAL SYSTEM,27
1999,ENGINE AND ENGINE COOLING,14
1999,EQUIPMENT,27
1999,EXTERIOR LIGHTING,19
1999,"FUEL SYSTEM, GASOLINE",38
1999,"FUEL SYSTEM, OTHER",5
1999,INTERIOR LIGHTING,2
1999,LATCHES/LOCKS/LINKAGES,8
1999,PARKING BRAKE,6
1999,POWER TRAIN,23
1999,SEAT BELTS,10
1999,SEATS,15
1999,"SERVICE BRAKES, AIR",18
1999,"SERVICE BRAKES, ELECTRIC",1
1999,"SERVICE BRAKES, HYDRAULIC",43
1999,STEERING,29
1999,STRUCTURE,22
1999,SUSPENSION,39
1999,TIRES,12
1999,TRAILER HITCHES,10
1999,UNKNOWN OR OTHER,16
1999,VEHICLE SPEED CONTROL,12
1999,VISIBILITY,14
1999,WHEELS,13
2000,AIR BAGS,15
2000,CHILD SEAT,8
2000,ELECTRICAL SYSTEM,25
2000,ELECTRONIC STABILITY CONTROL,2
2000,ENGINE AND ENGINE COOLING,26
2000,EQUIPMENT,35
2000,EXTERIOR LIGHTING,24
2000,"FUEL SYSTEM, GASOLINE",50
2000,"FUEL SYSTEM, OTHER",6
2000,INTERIOR LIGHTING,5
2000,LATCHES/LOCKS/LINKAGES,3
2000,PARKING BRAKE,6
2000,POWER TRAIN,28
2000,SEAT BELTS,42
2000,SEATS,7
2000,"SERVICE BRAKES, AIR",43
2000,"SERVICE BRAKES, HYDRAULIC",47
2000,STEERING,50
2000,STRUCTURE,20
2000,SUSPENSION,60
2000,TIRES,25
2000,TRAILER HITCHES,22
2000,UNKNOWN OR OTHER,17
2000,VEHICLE SPEED CONTROL,15
2000,VISIBILITY,18
2000,WHEELS,22
2001,AIR BAGS,16
2001,CHILD SEAT,10
2001,ELECTRICAL SYSTEM,36
2001,ENGINE AND ENGINE COOLING,16
2001,EQUIPMENT,35
2001,EXTERIOR LIGHTING,24
2001,"FUEL SYSTEM, GASOLINE",29
2001,"FUEL SYSTEM, OTHER",12
2001,INTERIOR LIGHTING,2
2001,LATCHES/LOCKS/LINKAGES,5
2001,PARKING BRAKE,5
2001,POWER TRAIN,21
2001,SEAT BELTS,38
2001,SEATS,13
2001,"SERVICE BRAKES, AIR",35
2001,"SERVICE BRAKES, ELECTRIC",1
2001,"SERVICE BRAKES, HYDRAULIC",33
2001,STEERING,59
2001,STRUCTURE,23
2001,SUSPENSION,52
2001,TIRES,26
2001,TRAILER HITCHES,9
2001,UNKNOWN OR OTHER,12
2001,VEHICLE SPEED CONTROL,15
2001,VISIBILITY,18
2001,WHEELS,14
2002,AIR BAGS,21
2002,CHILD SEAT,8
2002,ELECTRICAL SYSTEM,34
2002,ENGINE AND ENGINE COOLING,13
2002,EQUIPMENT,51
2002,EXTERIOR LIGHTING,15
2002,"FUEL SYSTEM, GASOLINE",36
2002,"FUEL SYSTEM, OTHER",4
2002,LATCHES/LOCKS/LINKAGES,1
2002,PARKING BRAKE,5
2002,POWER TRAIN,24
2002,SEAT BELTS,24
2002,SEATS,8
2002,"SERVICE BRAKES, AIR",64
2002,"SERVICE BRAKES, ELECTRIC",1
2002,"SERVICE BRAKES, HYDRAULIC",30
2002,STEERING,31
2002,STRUCTURE,14
2002,SUSPENSION,30
2002,TIRES,16
2002,TRAILER HITCHES,16
2002,UNKNOWN OR OTHER,14
2002,VEHICLE SPEED CONTROL,27
2002,VISIBILITY,8
2002,WHEELS,15
2003,AIR BAGS,10
2003,CHILD SEAT,11
2003,ELECTRICAL SYSTEM,45
2003,ENGINE AND ENGINE COOLING,21
2003,EQUIPMENT,93
2003,EXTERIOR LIGHTING,25
2003,"FUEL SYSTEM, DIESEL",1
2003,"FUEL SYSTEM, GASOLINE",43
2003,"FUEL SYSTEM, OTHER",3
2003,LATCHES/LOCKS/LINKAGES,1
2003,PARKING BRAKE,2
2003,POWER TRAIN,23
2003,SEAT BELTS,19
2003,SEATS,17
2003,"SERVICE BRAKES, AIR",82
2003,"SERVICE BRAKES, HYDRAULIC",43
2003,STEERING,31
2003,STRUCTURE,21
2003,SUSPENSION,32
2003,TIRES,11
2003,TRAILER HITCHES,13
2003,UNKNOWN OR OTHER,3
2003,VEHICLE SPEED CONTROL,15
2003,VISIBILITY,19
2003,WHEELS,16
2004,AIR BAGS,14
2004,CHILD SEAT,3
2004,ELECTRICAL SYSTEM,36
2004,ELECTRONIC STABILITY CONTROL,1
2004,ENGINE AND ENGINE COOLING,34
2004,EQUIPMENT,97
2004,EQUIPMENT ADAPTIVE/MOBILITY,19
2004,EXTERIOR LIGHTING,39
2004,"FUEL SYSTEM, DIESEL",1
2004,"FUEL SYSTEM, GASOLINE",56
2004,"FUEL SYSTEM, OTHER",12
2004,INTERIOR LIGHTING,3
2004,LATCHES/LOCKS/LINKAGES,14
2004,PARKING BRAKE,6
2004,POWER TRAIN,23
2004,SEAT BELTS,38
2004,SEATS,18
2004,"SERVICE BRAKES, AIR",32
2004,"SERVICE BRAKES, HYDRAULIC",56
2004,STEERING,38
2004,STRUCTURE,45
2004,SUSPENSION,30
2004,TIRES,28
2004,TRAILER HITCHES,10
2004,VEHICLE SPEED CONTROL,18
2004,VISIBILITY,11
2004,WHEELS,17
2005,AIR BAGS,18
2005,BACK OVER PREVENTION,1
2005,CHILD SEAT,8
2005,ELECTRICAL SYSTEM,43
2005,ELECTRONIC STABILITY CONTROL,4
2005,ENGINE AND ENGINE COOLING,38
2005,EQUIPMENT,82
2005,EQUIPMENT ADAPTIVE/MOBILITY,2
2005,EXTERIOR LIGHTING,36
2005,"FUEL SYSTEM, DIESEL",10
2005,"FUEL SYSTEM, GASOLINE",28
2005,"FUEL SYSTEM, OTHER",8
2005,LATCHES/LOCKS/LINKAGES,6
2005,OTHER,14
2005,PARKING BRAKE,13
2005,POWER TRAIN,30
2005,SEAT BELTS,7
2005,SEATS,18
2005,"SERVICE BRAKES, AIR",24
2005,"SERVICE BRAKES, ELECTRIC",1
2005,"SERVICE BRAKES, HYDRAULIC",27
2005,STEERING,50
2005,STRUCTURE,30
2005,SUSPENSION,40
2005,TIRES,16
2005,TRAILER HITCHES,13
2005,VEHICLE SPEED CONTROL,15
2005,VISIBILITY,10
2005,WHEELS,53
2006,AIR BAGS,12
2006,CHILD SEAT,5
2006,ELECTRICAL SYSTEM,49
2006,ENGINE AND ENGINE COOLING,54
2006,EQUIPMENT,68
2006,EQUIPMENT ADAPTIVE/MOBILITY,21
2006,EXTERIOR LIGHTING,43
2006,"FUEL SYSTEM, DIESEL",3
2006,"FUEL SYSTEM, GASOLINE",35
2006,"FUEL SYSTEM, OTHER",1
2006,INTERIOR LIGHTING,2
2006,LATCHES/LOCKS/LINKAGES,4
2006,OTHER,2
2006,PARKING BRAKE,12
2006,POWER TRAIN,26
2006,SEAT BELTS,11
2006,SEATS,12
2006,"SERVICE BRAKES, AIR",19
2006,"SERVICE BRAKES, HYDRAULIC",42
2006,STEERING,50
2006,STRUCTURE,25
2006,SUSPENSION,42
2006,TIRES,28
2006,TRAILER HITCHES,10
2006,VEHICLE SPEED CONTROL,11
2006,VISIBILITY,16
2006,WHEELS,10
2007,AIR BAGS,15
2007,CHILD SEAT,10
2007,ELECTRICAL SYSTEM,39
2007,ENGINE AND ENGINE COOLING,69
2007,EQUIPMENT,186
2007,EQUIPMENT ADAPTIVE/MOBILITY,28
2007,EXTERIOR LIGHTING,40
2007,"FUEL SYSTEM, DIESEL",6
2007,"FUEL SYSTEM, GASOLINE",34
2007,"FUEL SYSTEM, OTHER",4
2007,INTERIOR LIGHTING,1
2007,LATCHES/LOCKS/LINKAGES,4
2007,OTHER,2
2007,PARKING BRAKE,15
2007,POWER TRAIN,22
2007,SEAT BELTS,14
2007,SEATS,8
2007,"SERVICE BRAKES, AIR",26
2007,"SERVICE BRAKES, HYDRAULIC",23
2007,STEERING,41
2007,STRUCTURE,32
2007,SUSPENSION,27
2007,TIRES,11
2007,TRAILER HITCHES,18
2007,VEHICLE SPEED CONTROL,10
2007,VISIBILITY,14
2007,WHEELS,14
2008,AIR BAGS,13
2008,CHILD SEAT,10
2008,ELECTRICAL SYSTEM,28
2008,ELECTRONIC STABILITY CONTROL (ESC),1
2008,ENGINE AND ENGINE COOLING,56
2008,EQUIPMENT,191
2008,EQUIPMENT ADAPTIVE/MOBILITY,102
2008,EXTERIOR LIGHTING,33
2008,"FUEL SYSTEM, DIESEL",3
2008,"FUEL SYSTEM, GASOLINE",36
2008,"FUEL SYSTEM, OTHER",3
2008,LATCHES/LOCKS/LINKAGES,6
2008,PARKING BRAKE,8
2008,POWER TRAIN,35
2008,SEAT BELTS,11
2008,SEATS,8
2008,"SERVICE BRAKES, AIR",19
2008,"SERVICE BRAKES, HYDRAULIC",21
2008,STEERING,64
2008,STRUCTURE,25
2008,SUSPENSION,42
2008,TIRES,23
2008,TRAILER HITCHES,20
2008,VEHICLE SPEED CONTROL,3
2008,VISIBILITY,15
2008,WHEELS,4
2009,AIR BAGS,11
2009,CHILD SEAT,8
2009,ELECTRICAL SYSTEM,33
2009,ELECTRONIC STABILITY CONTROL (ESC),1
2009,ENGINE AND ENGINE COOLING,39
2009,EQUIPMENT,113
2009,EQUIPMENT ADAPTIVE/MOBILITY,68
2009,EXTERIOR LIGHTING,26
2009,"FUEL SYSTEM, DIESEL",1
2009,"FUEL SYSTEM, GASOLINE",21
2009,"FUEL SYSTEM, OTHER",10
2009,INTERIOR LIGHTING,14
2009,LATCHES/LOCKS/LINKAGES,7
2009,OTHER,5
2009,PARKING BRAKE,5
2009,POWER TRAIN,20
2009,SEAT BELTS,4
2009,SEATS,10
2009,"SERVICE BRAKES, AIR",32
2009,"SERVICE BRAKES, HYDRAULIC",36
2009,STEERING,23
2009,STRUCTURE,28
2009,SUSPENSION,19
2009,TIRES,10
2009,TRAILER HITCHES,2
2009,UNKNOWN OR OTHER,1
2009,VEHICLE SPEED CONTROL,6
2009,VISIBILITY,11
2009,WHEELS,6
2010,AIR BAGS,16
2010,CHILD SEAT,6
2010,ELECTRICAL SYSTEM,45
2010,ELECTRONIC STABILITY CONTROL (ESC),4
2010,ENGINE AND ENGINE COOLING,51
2010,EQUIPMENT,185
2010,EQUIPMENT ADAPTIVE/MOBILITY,50
2010,EXTERIOR LIGHTING,20
2010,"FUEL SYSTEM, DIESEL",1
2010,"FUEL SYSTEM, GASOLINE",12
2010,"FUEL SYSTEM, OTHER",10
2010,LATCHES/LOCKS/LINKAGES,7
2010,OTHER,1
2010,PARKING BRAKE,2
2010,POWER TRAIN,42
2010,SEAT BELTS,15
2010,SEATS,33
2010,"SERVICE BRAKES, AIR",14
2010,"SERVICE BRAKES, HYDRAULIC",42
2010,STEERING,41
2010,STRUCTURE,25
2010,SUSPENSION,25
2010,TIRES,19
2010,TRAILER HITCHES,4
2010,VEHICLE SPEED CONTROL,11
2010,VISIBILITY,26
2010,WHEELS,15
2011,AIR BAGS,14
2011,CHILD SEAT,1
2011,ELECTRICAL SYSTEM,59
2011,ELECTRONIC STABILITY CONTROL (ESC),12
2011,ENGINE AND ENGINE COOLING,61
2011,EQUIPMENT,130
2011,EQUIPMENT ADAPTIVE/MOBILITY,2
2011,EXTERIOR LIGHTING,21
2011,"FUEL SYSTEM, DIESEL",5
2011,"FUEL SYSTEM, GASOLINE",23
2011,"FUEL SYSTEM, OTHER",18
2011,LATCHES/LOCKS/LINKAGES,10
2011,PARKING BRAKE,1
2011,POWER TRAIN,48
2011,SEAT BELTS,10
2011,SEATS,13
2011,"SERVICE BRAKES, AIR",30
2011,"SERVICE BRAKES, HYDRAULIC",15
2011,STEERING,28
2011,STRUCTURE,27
2011,SUSPENSION,16
2011,TIRES,10
2011,TRAILER HITCHES,9
2011,VEHICLE SPEED CONTROL,7
2011,VISIBILITY,77
2011,WHEELS,8
2012,AIR BAGS,23
2012,BACK OVER PREVENTION,1
2012,CHILD SEAT,3
2012,ELECTRICAL SYSTEM,55
2012,ELECTRONIC STABILITY CONTROL (ESC),2
2012,ENGINE AND ENGINE COOLING,39
2012,EQUIPMENT,161
2012,EQUIPMENT ADAPTIVE/MOBILITY,37
2012,EXTERIOR LIGHTING,23
2012,"FUEL SYSTEM, DIESEL",2
2012,"FUEL SYSTEM, GASOLINE",22
2012,"FUEL SYSTEM, OTHER",6
2012,INTERIOR LIGHTING,1
2012,LATCHES/LOCKS/LINKAGES,8
2012,PARKING BRAKE,7
2012,POWER TRAIN,21
2012,SEAT BELTS,10
2012,SEATS,13
2012,SERVICE BRAKES,2
2012,"SERVICE BRAKES, AIR",28
2012,"SERVICE BRAKES, HYDRAULIC",25
2012,STEERING,22
2012,STRUCTURE,32
2012,SUSPENSION,29
2012,TIRES,26
2012,VEHICLE SPEED CONTROL,3
2012,VISIBILITY,40
2012,VISIBILITY/WIPER,1
2012,WHEELS,19
2013,AIR BAGS,31
2013,CHILD SEAT,4
2013,ELECTRICAL SYSTEM,99
2013,ELECTRONIC STABILITY CONTROL (ESC),3
2013,ENGINE,6
2013,ENGINE AND ENGINE COOLING,14
2013,EQUIPMENT,168
2013,EQUIPMENT ADAPTIVE/MOBILITY,3
2013,EXTERIOR LIGHTING,19
2013,"FUEL SYSTEM, DIESEL",4
2013,"FUEL SYSTEM, GASOLINE",18
2013,"FUEL SYSTEM, OTHER",2
2013,HYBRID PROPULSION SYSTEM,1
2013,LATCHES/LOCKS/LINKAGES,68
2013,PARKING BRAKE,17
2013,POWER TRAIN,41
2013,SEAT BELTS,24
2013,SEATS,18
2013,SERVICE BRAKES,15
2013,"SERVICE BRAKES, AIR",9
2013,"SERVICE BRAKES, HYDRAULIC",26
2013,STEERING,23
2013,STRUCTURE,18
2013,SUSPENSION,26
2013,TIRES,15
2013,TRAILER HITCHES,1
2013,UNKNOWN OR OTHER,1
2013,VEHICLE SPEED CONTROL,4
2013,VISIBILITY,15
2013,VISIBILITY/WIPER,4
2013,WHEELS,13
2014,AIR BAGS,48
2014,CHILD SEAT,7
2014,ELECTRICAL SYSTEM,94
2014,ELECTRONIC STABILITY CONTROL (ESC),3
2014,ENGINE,2
2014,ENGINE AND ENGINE COOLING,57
2014,EQUIPMENT,131
2014,EQUIPMENT ADAPTIVE/MOBILITY,46
2014,EXTERIOR LIGHTING,26
2014,FORWARD COLLISION AVOIDANCE,3
2014,"FUEL SYSTEM, DIESEL",25
2014,"FUEL SYSTEM, GASOLINE",30
2014,"FUEL SYSTEM, OTHER",24
2014,HYBRID PROPULSION SYSTEM,5
2014,LATCHES/LOCKS/LINKAGES,18
2014,PARKING BRAKE,12
2014,POWER TRAIN,55
2014,SEAT BELTS,38
2014,SEATS,18
2014,SERVICE BRAKES,5
2014,"SERVICE BRAKES, AIR",17
2014,"SERVICE BRAKES, HYDRAULIC",31
2014,STEERING,38
2014,STRUCTURE,30
2014,SUSPENSION,54
2014,TIRES,23
2014,TRAILER HITCHES,3
2014,VEHICLE SPEED CONTROL,7
2014,VISIBILITY,10
2014,VISIBILITY/WIPER,1
2014,WHEELS,8
2015,AIR BAGS,69
2015,BACK OVER PREVENTION,6
2015,CHILD SEAT,7
2015,ELECTRICAL SYSTEM,105
2015,ELECTRONIC STABILITY CONTROL (ESC),4
2015,ENGINE,4
2015,ENGINE AND ENGINE COOLING,55
2015,EQUIPMENT,164
2015,EQUIPMENT ADAPTIVE/MOBILITY,33
2015,EXTERIOR LIGHTING,27
2015,FORWARD COLLISION AVOIDANCE,3
2015,"FUEL SYSTEM, DIESEL",3
2015,"FUEL SYSTEM, GASOLINE",32
2015,"FUEL SYSTEM, OTHER",15
2015,HYBRID PROPULSION SYSTEM,3
2015,INTERIOR LIGHTING,1
2015,LATCHES/LOCKS/LINKAGES,14
2015,OTHER,1
2015,PARKING BRAKE,16
2015,POWER TRAIN,61
2015,SEAT BELTS,27
2015,SEATS,20
2015,SERVICE BRAKES,5
2015,"SERVICE BRAKES, AIR",33
2015,"SERVICE BRAKES, HYDRAULIC",24
2015,STEERING,46
2015,STRUCTURE,46
2015,SUSPENSION,74
2015,TIRES,25
2015,TRAILER HITCHES,12
2015,VEHICLE SPEED CONTROL,6
2015,VISIBILITY,20
2015,VISIBILITY/WIPER,3
2015,WHEELS,7
2016,AIR BAGS,106
2016,BACK OVER PREVENTION,1
2016,CHILD SEAT,11
2016,ELECTRICAL SYSTEM,116
2016,ELECTRONIC STABILITY CONTROL (ESC),8
2016,ENGINE,1
2016,ENGINE AND ENGINE COOLING,34
2016,EQUIPMENT,187
2016,EQUIPMENT ADAPTIVE/MOBILITY,19
2016,EXTERIOR LIGHTING,34
2016,FORWARD COLLISION AVOIDANCE,2
2016,"FUEL SYSTEM, DIESEL",2
2016,"FUEL SYSTEM, GASOLINE",27
2016,"FUEL SYSTEM, OTHER",11
2016,HYBRID PROPULSION SYSTEM,4
2016,LATCHES/LOCKS/LINKAGES,8
2016,OTHER,6
2016,PARKING BRAKE,28
2016,POWER TRAIN,61
2016,SEAT BELTS,26
2016,SEATS,44
2016,SERVICE BRAKES,4
2016,"SERVICE BRAKES, AIR",14
2016,"SERVICE BRAKES, ELECTRIC",6
2016,"SERVICE BRAKES, HYDRAULIC",24
2016,STEERING,51
2016,STRUCTURE,61
2016,SUSPENSION,64
2016,TIRES,29
2016,TRAILER HITCHES,10
2016,VEHICLE SPEED CONTROL,6
2016,VISIBILITY,24
2016,WHEELS,2
2017,AIR BAGS,99
2017,BACK OVER PREVENTION,2
2017,CHILD SEAT,4
2017,ELECTRICAL SYSTEM,81
2017,ELECTRONIC STABILITY CONTROL (ESC),1
2017,ENGINE,7
2017,ENGINE AND ENGINE COOLING,30
2017,EQUIPMENT,193
2017,EQUIPMENT ADAPTIVE/MOBILITY,1
2017,EXTERIOR LIGHTING,28
2017,FORWARD COLLISION AVOIDANCE,1
2017,"FUEL SYSTEM, DIESEL",13
2017,"FUEL SYSTEM, GASOLINE",32
2017,"FUEL SYSTEM, OTHER",16
2017,HYBRID PROPULSION SYSTEM,5
2017,INTERIOR LIGHTING,4
2017,LANE DEPARTURE,2
2017,LATCHES/LOCKS/LINKAGES,12
2017,PARKING BRAKE,9
2017,POWER TRAIN,47
2017,SEAT BELTS,38
2017,SEATS,24
2017,SERVICE BRAKES,4
2017,"SERVICE BRAKES, AIR",25
2017,"SERVICE BRAKES, ELECTRIC",3
2017,"SERVICE BRAKES, HYDRAULIC",25
2017,STEERING,51
2017,STRUCTURE,39
2017,SUSPENSION,48
2017,TIRES,23
2017,TRAILER HITCHES,5
2017,VEHICLE SPEED CONTROL,3
2017,VISIBILITY,11
2017,VISIBILITY/WIPER,2
2017,WHEELS,9
2018,AIR BAGS,91
2018,BACK OVER PREVENTION,4
2018,CHILD SEAT,4
2018,ELECTRICAL SYSTEM,131
2018,ELECTRONIC STABILITY CONTROL (ESC),5
2018,ENGINE,4
2018,ENGINE AND ENGINE COOLING,34
2018,EQUIPMENT,179
2018,EQUIPMENT ADAPTIVE/MOBILITY,16
2018,EXTERIOR LIGHTING,51
2018,FORWARD COLLISION AVOIDANCE,1
2018,"FUEL SYSTEM, DIESEL",4
2018,"FUEL SYSTEM, GASOLINE",34
2018,"FUEL SYSTEM, OTHER",4
2018,HYBRID PROPULSION SYSTEM,9
2018,LANE DEPARTURE,4
2018,LATCHES/LOCKS/LINKAGES,8
2018,PARKING BRAKE,6
2018,POWER TRAIN,50
2018,SEAT BELTS,24
2018,SEATS,40
2018,SERVICE BRAKES,4
2018,"SERVICE BRAKES, AIR",29
2018,"SERVICE BRAKES, ELECTRIC",2
2018,"SERVICE BRAKES, HYDRAULIC",46
2018,STEERING,40
2018,STRUCTURE,64
2018,SUSPENSION,59
2018,TIRES,24
2018,TRAILER HITCHES,10
2018,UNKNOWN OR OTHER,1
2018,VEHICLE SPEED CONTROL,2
2018,VISIBILITY,34
2018,WHEELS,14
2019,AIR BAGS,85
2019,BACK OVER PREVENTION,13
2019,CHILD SEAT,4
2019,COMMUNICATION,1
2019,ELECTRICAL SYSTEM,111
2019,ELECTRONIC STABILITY CONTROL (ESC),4
2019,ENGINE,17
2019,ENGINE AND ENGINE COOLING,16
2019,EQUIPMENT,141
2019,EQUIPMENT ADAPTIVE/MOBILITY,12
2019,EXTERIOR LIGHTING,73
2019,FORWARD COLLISION AVOIDANCE,4
2019,"FUEL SYSTEM, DIESEL",5
2019,"FUEL SYSTEM, GASOLINE",24
2019,"FUEL SYSTEM, OTHER",6
2019,HYBRID PROPULSION SYSTEM,7
2019,LANE DEPARTURE,1
2019,LATCHES/LOCKS/LINKAGES,13
2019,PARKING BRAKE,5
2019,POWER TRAIN,45
2019,SEAT BELTS,21
2019,SEATS,40
2019,SERVICE BRAKES,21
2019,"SERVICE BRAKES, AIR",35
2019,"SERVICE BRAKES, ELECTRIC",4
2019,"SERVICE BRAKES, HYDRAULIC",25
2019,STEERING,46
2019,STRUCTURE,61
2019,SUSPENSION,42
2019,TIRES,17
2019,TRACTION CONTROL SYSTEM,1
2019,TRAILER HITCHES,21
2019,UNKNOWN OR OTHER,5
2019,VEHICLE SPEED CONTROL,1
2019,VISIBILITY,25
2019,WHEELS,11
2020,AIR BAGS,58
2020,BACK OVER PREVENTION,17
2020,CHILD SEAT,1
2020,COMMUNICATION,2
2020,ELECTRICAL SYSTEM,140
2020,ELECTRONIC STABILITY CONTROL (ESC),5
2020,ENGINE,13
2020,ENGINE AND ENGINE COOLING,15
2020,EQUIPMENT,160
2020,EQUIPMENT ADAPTIVE/MOBILITY,2
2020,EXTERIOR LIGHTING,40
2020,FORWARD COLLISION AVOIDANCE,1
2020,"FUEL SYSTEM, DIESEL",3
2020,"FUEL SYSTEM, GASOLINE",34
2020,"FUEL SYSTEM, OTHER",4
2020,HYBRID PROPULSION SYSTEM,1
2020,LATCHES/LOCKS/LINKAGES,13
2020,PARKING BRAKE,10
2020,POWER TRAIN,55
2020,SEAT BELTS,42
2020,SEATS,13
2020,SERVICE BRAKES,17
2020,"SERVICE BRAKES, AIR",15
2020,"SERVICE BRAKES, ELECTRIC",1
2020,"SERVICE BRAKES, HYDRAULIC",49
2020,STEERING,31
2020,STRUCTURE,44
2020,SUSPENSION,34
2020,TIRES,27
2020,TRACTION CONTROL SYSTEM,1
2020,TRAILER HITCHES,6
2020,UNKNOWN OR OTHER,1
2020,VEHICLE SPEED CONTROL,4
2020,VISIBILITY,17
2020,VISIBILITY/WIPER,2
2020,WHEELS,5
2021,AIR BAGS,74
2021,BACK OVER PREVENTION,19
2021,CHILD SEAT,11
2021,COMMUNICATION,3
2021,ELECTRICAL SYSTEM,117
2021,ELECTRONIC STABILITY CONTROL (ESC),11
2021,ENGINE,27
2021,ENGINE AND ENGINE COOLING,26
2021,EQUIPMENT,183
2021,EQUIPMENT ADAPTIVE/MOBILITY,6
2021,EXTERIOR LIGHTING,62
2021,FORWARD COLLISION AVOIDANCE,2
2021,"FUEL SYSTEM, DIESEL",67
2021,"FUEL SYSTEM, GASOLINE",40
2021,LANE DEPARTURE,1
2021,LATCHES/LOCKS/LINKAGES,10
2021,PARKING BRAKE,7
2021,POWER TRAIN,36
2021,SEAT BELTS,46
2021,SEATS,16
2021,SERVICE BRAKES,1
2021,"SERVICE BRAKES, AIR",15
2021,"SERVICE BRAKES, HYDRAULIC",62
2021,STEERING,73
2021,STRUCTURE,58
2021,SUSPENSION,51
2021,TIRES,32
2021,TRAILER HITCHES,4
2021,UNKNOWN OR OTHER,1
2021,VEHICLE SPEED CONTROL,1
2021,VISIBILITY,16
2021,WHEELS,15
2022,AIR BAGS,37
2022,BACK OVER PREVENTION,35
2022,CHILD SEAT,7
2022,COMMUNICATION,3
2022,ELECTRICAL SYSTEM,159
2022,ELECTRONIC STABILITY CONTROL (ESC),7
2022,ENGINE,13
2022,ENGINE AND ENGINE COOLING,44
2022,EQUIPMENT,212
2022,EQUIPMENT ADAPTIVE/MOBILITY,2
2022,EXTERIOR LIGHTING,42
2022,FORWARD COLLISION AVOIDANCE,3
2022,"FUEL SYSTEM, DIESEL",20
2022,"FUEL SYSTEM, GASOLINE",26
2022,"FUEL SYSTEM, OTHER",7
2022,HYBRID PROPULSION SYSTEM,4
2022,LATCHES/LOCKS/LINKAGES,6
2022,OTHER,1
2022,PARKING BRAKE,9
2022,POWER TRAIN,53
2022,SEAT BELTS,31
2022,SEATS,26
2022,SERVICE BRAKES,2
2022,"SERVICE BRAKES, AIR",18
2022,"SERVICE BRAKES, HYDRAULIC",34
2022,STEERING,78
2022,STRUCTURE,54
2022,SUSPENSION,37
2022,TIRES,38
2022,TRAILER HITCHES,5
2022,VEHICLE SPEED CONTROL,2
2022,VISIBILITY,24
2022,WHEELS,11
2023,AIR BAGS,45
2023,BACK OVER PREVENTION,34
2023,CHILD SEAT,9
2023,ELECTRICAL SYSTEM,211
2023,ELECTRONIC STABILITY CONTROL (ESC),10
2023,ENGINE,12
2023,ENGINE AND ENGINE COOLING,24
2023,EQUIPMENT,135
2023,EQUIPMENT ADAPTIVE/MOBILITY,7
2023,EXTERIOR LIGHTING,41
2023,FORWARD COLLISION AVOIDANCE,4
2023,"FUEL SYSTEM, DIESEL",9
2023,"FUEL SYSTEM, GASOLINE",33
2023,LATCHES/LOCKS/LINKAGES,11
2023,PARKING BRAKE,18
2023,POWER TRAIN,64
2023,SEAT BELTS,26
2023,SEATS,24
2023,SERVICE BRAKES,4
2023,"SERVICE BRAKES, AIR",9
2023,"SERVICE BRAKES, HYDRAULIC",34
2023,STEERING,51
2023,STRUCTURE,80
2023,SUSPENSION,35
2023,TIRES,23
2023,TRAILER HITCHES,10
2023,VEHICLE SPEED CONTROL,7
2023,VISIBILITY,17
2023,VISIBILITY/WIPER,3
2023,WHEELS,10
2024,AIR BAGS,28
2024,BACK OVER PREVENTION,17
2024,ELECTRICAL SYSTEM,107
2024,ELECTRONIC STABILITY CONTROL (ESC),6
2024,ENGINE,1
2024,ENGINE AND ENGINE COOLING,11
2024,EQUIPMENT,83
2024,EQUIPMENT ADAPTIVE/MOBILITY,6
2024,EXTERIOR LIGHTING,22
2024,FORWARD COLLISION AVOIDANCE,4
2024,"FUEL SYSTEM, DIESEL",5
2024,"FUEL SYSTEM, GASOLINE",9
2024,"FUEL SYSTEM, OTHER",4
2024,LANE DEPARTURE,1
2024,LATCHES/LOCKS/LINKAGES,5
2024,PARKING BRAKE,13
2024,POWER TRAIN,26
2024,SEAT BELTS,14
2024,SEATS,20
2024,SERVICE BRAKES,1
2024,"SERVICE BRAKES, AIR",9
2024,"SERVICE BRAKES, HYDRAULIC",11
2024,STEERING,43
2024,STRUCTURE,25
2024,SUSPENSION,11
2024,TIRES,13
2024,TRACTION CONTROL SYSTEM,1
2024,TRAILER HITCHES,4
2024,VEHICLE SPEED CONTROL,2
2024,VISIBILITY,13
2024,WHEELS,4
